,alcohol,sulphates,volatile acidity,total sulfur dioxide,chlorides,fixed acidity,density,residual sugar,citric acid,free sulfur dioxide
0,0.38697107780540807,0.21727899276385065,0.11762638170127927,0.048416407912718194,0.02995600958845806,0.024116441517127104,0.021627707955283786,0.0205287452113718,0.016622765866881793,0.011434245132961488
1,0.05457429202750599,0.029202844423659745,0.017074928030719538,0.011268237830131714,0.008225991062717949,0.005703643948938003,0.008223529152280017,0.004393721912546832,0.005820152358471153,0.004489875716586324
